id,first_name,last_name,hire_date,wage
1,Alister,Sainter,11/01/2019,24.19
2,Jillian,Joscelin,07/02/2022,40.97
3,Feliza,Thunnercliffe,09/12/2022,30.36
4,Arte,Kiossel,03/27/2023,19.73
5,Roshelle,Lippingwell,09/01/2020,57.06
6,Adaline,Flanner,11/21/2020,27.56
7,Theresina,Brechin,10/22/2022,25.41
8,Godfree,Mahmood,04/04/2020,41.32
9,Tatum,Misson,06/29/2022,38.4
10,Peyter,Tatters,08/20/2020,45.04
11,Demetre,Antoniewski,08/27/2019,41.62
12,Odetta,Duck,01/07/2022,43.12
13,Trenna,Schriren,01/17/2022,43.97
14,Teodor,D'eath,09/16/2019,51.78
15,Trueman,Rembrant,07/21/2020,46.26
16,Blanca,Syddon,08/26/2021,46.72
17,Arline,McGilleghole,11/05/2021,45.17
18,Cristine,Denisyev,05/26/2023,32.12
19,Heddi,Banaszkiewicz,06/25/2022,12.22
20,Aloysius,Millichip,09/25/2022,29.74
21,Elisha,Collum,12/22/2019,32.51
22,Harv,Van Brug,05/19/2022,34.93
23,Trudi,Boldry,03/02/2020,49.08
24,Matteo,Naismith,04/08/2021,13.04
25,Stefan,Merrill,04/24/2023,52.02
26,Aldis,Juste,09/04/2022,39.96
27,Jonathan,Aphale,04/06/2020,16.07
28,Garwin,Baly,06/03/2020,33.56
29,Elliot,Bargh,02/14/2020,18.38
30,Mischa,Scorthorne,12/06/2020,44.62
31,Brit,Aglione,02/06/2021,28.8
32,Aguistin,Worley,10/30/2022,46.87
33,Calypso,Foystone,06/10/2020,15.56
34,Veronique,Gower,07/24/2019,26.65
35,Kirby,Shilston,02/19/2022,25.15
36,Silvan,Blodgett,08/01/2022,29.62
37,Lion,Piffe,07/16/2020,14.39
38,Fabio,Gillaspy,07/16/2019,17.46
39,Dillon,Brignell,01/22/2023,40.84
40,Marijn,Longwood,01/11/2023,16.63
41,Sharona,Palfrey,05/23/2021,31.89
42,Corliss,Dauncey,05/06/2023,24.62
43,Pedro,Shoulder,07/08/2019,33.89
44,Del,Belitz,06/19/2023,13.66
45,Tracey,Instock,11/19/2019,16.89
46,Paquito,Enderle,10/01/2022,16.72
47,Biron,Bethel,04/20/2020,56.56
48,Pascal,Grunson,05/23/2020,36.49
49,Agnesse,Crotch,11/30/2020,58.82
50,Birch,Beech,05/06/2020,59.72
51,Harmonia,Abson,08/08/2019,19.35
52,Alexandra,Llewellyn,09/02/2020,27.28
53,Carmencita,Rennles,10/24/2020,17.38
54,Imelda,Kayser,08/08/2020,22.03
55,Sargent,Ivachyov,12/02/2021,45.59
56,Saul,Ensley,06/05/2021,15.09
57,Grenville,Carus,06/30/2022,58.99
58,Fredek,Kuschek,04/19/2021,35.83
59,Stephi,Sumers,12/10/2021,26.0
60,Georgeta,Imort,12/04/2020,22.28
61,Magda,Danilov,08/26/2022,49.83
62,Quinn,Edmondson,06/11/2020,21.04
63,Waldo,Sarjeant,07/29/2021,24.76
64,Odey,Gresly,09/27/2021,19.43
65,Karlen,Labusquiere,04/03/2022,30.2
66,Viola,Croote,08/21/2022,59.24
67,Maible,Sollowaye,11/18/2020,13.93
68,Christen,Buyers,02/16/2023,22.36
69,Gabriela,Chislett,05/30/2021,24.13
70,Connor,Skingley,11/07/2022,32.47
71,Hamish,Janout,02/18/2020,28.45
72,Lawry,Wickie,08/10/2021,32.52
73,Shel,Dewerson,10/05/2022,18.28
74,Nat,Wilber,07/18/2022,16.02
75,Maure,Fechnie,04/27/2021,44.21
76,Reade,Mellon,09/12/2020,22.33
77,Ossie,Marchant,06/16/2022,47.86
78,Northrop,Estabrook,06/17/2020,52.73
79,Angelika,Hansel,07/26/2022,50.45
80,Darleen,MacChaell,10/19/2022,19.23
81,Karine,Irwin,10/28/2022,25.58
82,Dorisa,Quirke,04/04/2020,18.28
83,Rochester,Fanshaw,02/27/2020,12.44
84,Englebert,Charke,04/04/2021,13.9
85,Rodney,Fairnie,02/10/2023,46.0
86,Humfrid,Blagdon,11/03/2020,58.3
87,Reilly,Sillitoe,12/01/2020,37.93
88,Bertina,Tocque,01/23/2022,55.55
89,Dulcinea,Stovin,03/20/2022,27.38
90,Shandeigh,Raleston,07/17/2022,31.46
91,Friedrick,Sebring,08/13/2022,23.77
92,Franklin,Tredget,11/28/2020,34.2
93,Karry,MacAndie,11/08/2021,33.16
94,Nesta,Roglieri,12/04/2020,38.37
95,Pascal,Back,11/17/2021,42.15
96,Rickert,Zincke,02/23/2023,29.37
97,Bronnie,Powrie,03/24/2021,37.82
98,Stevy,McVeigh,07/25/2019,44.35
99,Sheilakathryn,Snookes,10/10/2019,33.46
100,Syd,Banaszkiewicz,07/09/2022,22.96
101,Sibylle,Rayment,04/16/2023,19.72
102,Hortensia,Seal,11/21/2022,33.92
103,Virginie,Fagence,02/06/2023,47.62
104,Duncan,Largan,07/03/2021,21.44
105,Elsie,Charrette,03/16/2022,28.18
106,Vale,Aisbett,05/16/2023,27.84
107,Caitrin,Kowal,08/14/2022,49.39
108,Web,Eveling,05/04/2021,29.49
109,Ody,Windaybank,10/16/2020,21.01
110,Denny,Whitely,07/14/2019,35.88
111,Gael,Coade,04/17/2023,46.17
112,Mozelle,Nuth,11/01/2022,36.85
113,Katheryn,Cuxon,03/15/2022,23.37
114,Barron,Stoner,08/23/2020,35.17
115,Charisse,Clearley,04/02/2022,28.62
116,Vassili,Tille,03/05/2022,15.88
117,Rolland,Bielby,03/04/2020,43.62
118,Ray,Corbert,02/06/2020,25.71
119,Clarence,Greenhill,08/18/2022,29.49
120,Skipper,Heinrici,01/01/2021,29.62
121,Odilia,Wipper,06/02/2023,26.66
122,Charo,Sloam,01/22/2021,49.04
123,Petunia,Paal,06/16/2023,14.67
124,Neila,Kernaghan,12/07/2022,52.49
125,Sharity,Archard,05/11/2023,47.93
126,Kiley,Cordon,05/05/2023,21.36
127,Bobbie,Kleinpeltz,11/28/2019,25.53
128,Garrek,Medcraft,01/20/2023,19.31
129,Opal,Heinzel,01/19/2020,42.0
130,Paddie,Olohan,01/24/2021,59.53
131,Shandeigh,Raiment,07/24/2021,41.27
132,Eachelle,Pace,08/05/2019,13.58
133,Brier,Faudrie,11/03/2020,15.06
134,Letitia,Baszniak,12/12/2022,30.31
135,Aaron,Mozzini,04/27/2020,39.92
136,Connie,Lerigo,12/10/2021,28.4
137,Susana,Oldfield-Cherry,07/12/2020,12.33
138,Gerry,Bome,04/25/2020,51.58
139,Candie,Hamshar,12/26/2019,17.71
140,Ram,Neighbour,01/24/2022,43.43
141,Lanny,Draisey,04/12/2022,47.22
142,Guillaume,Calver,07/01/2022,51.13
143,Myra,Illem,04/07/2020,41.37
144,Eugenie,Sugg,08/13/2020,26.98
145,Rodrick,Imloch,12/25/2019,16.7
146,Garrard,Skittrall,06/09/2022,43.64
147,Kala,Cerro,02/13/2022,45.45
148,Martie,Legrand,06/11/2021,56.46
149,Man,Edelheid,03/15/2022,55.24
150,Allyce,Doag,06/30/2021,15.7
151,Marta,Woof,03/05/2022,51.18
152,Davina,Covey,06/24/2021,31.1
153,Reginauld,Cowpland,03/20/2023,56.78
154,Yolane,Chatenier,05/15/2020,20.14
155,Thain,Cloney,09/27/2020,26.55
156,Ilaire,Bowerbank,02/21/2021,33.37
157,Hermia,Karchewski,06/08/2021,46.48
158,Martino,Stubbeley,05/21/2023,21.14
159,Constancia,Brecknock,05/24/2020,13.19
160,Skye,McIlveen,04/13/2021,25.86
161,Janenna,Gotthard,01/04/2020,35.93
162,Holly,Bilton,08/11/2020,28.11
163,Gar,Sirr,05/29/2021,15.51
164,Egbert,Maly,11/03/2022,58.3
165,Ezri,Insley,10/15/2019,53.26
166,Benny,Brognot,11/12/2019,44.71
167,Biron,Winfrey,04/17/2023,43.24
168,Gwenora,Kubu,04/07/2021,32.85
169,Regen,Rigmond,04/04/2022,53.75
170,Zollie,Batha,05/30/2020,52.63
171,Noel,Garfitt,12/05/2022,22.78
172,Aldin,Reuss,01/16/2023,28.85
173,Hillie,Grigolashvill,09/23/2019,17.62
174,Taylor,Burrett,06/05/2022,57.15
175,Niki,De Hooch,01/18/2020,43.56
176,Zenia,Inger,09/11/2021,18.0
177,Yorgos,McCaughan,02/11/2020,31.76
178,Kirby,Fieldstone,09/02/2020,57.2
179,Irwinn,Burtwhistle,10/13/2020,45.97
180,Ike,Ibbitson,05/10/2023,56.71
181,Suzanne,Timothy,01/21/2021,13.66
182,Barrie,Gaveltone,11/05/2021,42.01
183,Christabel,Lathleiffure,12/07/2021,52.41
184,Minnaminnie,Glazer,02/23/2020,47.74
185,Ebba,Marris,09/28/2021,22.68
186,Elias,Hounsham,11/03/2021,16.79
187,Abba,Whiston,08/16/2022,43.76
188,Thomasa,Rhoddie,12/31/2019,57.9
189,Haleigh,Fishleigh,08/10/2021,39.06
190,Barclay,Fancet,12/17/2019,29.08
191,Neile,Smedmoor,07/05/2021,23.76
192,Stephani,Gossan,07/10/2020,43.04
193,Milicent,Troppmann,08/12/2020,13.04
194,Rollo,Bougourd,06/10/2022,38.2
195,Karita,Fucher,12/11/2021,19.66
196,Brewster,Breissan,11/13/2019,56.56
197,Ellery,Tomlinson,01/26/2022,34.35
198,Ignacius,Tolworthie,09/01/2020,19.17
199,Austine,Aston,04/26/2020,37.77
200,Obidiah,Wrassell,12/19/2021,26.63
201,Chaim,Adelman,05/01/2023,58.03
202,Henrieta,Bechley,07/24/2020,53.94
203,Randa,Shurlock,01/29/2020,40.61
204,Haywood,Coxhead,01/26/2023,47.19
205,Nydia,Menichelli,05/24/2022,30.34
206,Yoshiko,Adlam,09/02/2021,23.8
207,Onfre,Ivanchov,12/19/2022,20.98
208,Eda,Tipling,11/08/2019,21.92
209,Eugenius,O'Gaven,11/08/2020,38.18
210,Dode,Tythacott,05/03/2023,47.08
211,Pattie,Fakeley,09/22/2021,15.34
212,Doreen,Bickley,05/08/2021,56.47
213,Jammie,Stride,06/26/2023,40.41
214,Baxy,Brindle,01/07/2022,19.55
215,Augustus,Rittelmeyer,07/30/2020,48.21
216,Marline,Argent,02/01/2020,31.08
217,Lianne,Choppen,04/13/2020,30.38
218,Kathryne,Beardsall,06/19/2020,52.03
219,Wesley,Wetherell,05/27/2020,23.53
220,Ysabel,Kleinerman,02/08/2020,15.05
221,Cyrus,Cavilla,12/19/2022,26.93
222,Hannis,Richt,04/20/2020,45.12
223,Vernon,Chinnick,04/24/2022,39.91
224,Artemus,Grint,03/07/2023,13.08
225,Debora,Beecker,12/28/2021,38.02
226,Herve,Scherer,10/17/2022,47.83
227,Candice,Haine,12/28/2022,35.05
228,Tabitha,Juppe,12/09/2021,58.54
229,Rory,Jennaway,04/19/2023,47.08
230,Hieronymus,Cossor,07/03/2020,56.5
231,Daryn,Ness,11/23/2022,40.88
232,Casar,Bygreaves,12/05/2022,48.39
233,Albertine,Pountain,12/07/2021,41.95
234,Carr,Matuszak,10/21/2020,43.36
235,Diane-marie,Skill,04/15/2022,49.14
236,Gaylene,Middlewick,03/18/2020,48.19
237,Krystalle,Wetter,01/03/2022,27.55
238,Ada,Killshaw,09/24/2021,34.61
239,Renado,Cayley,02/21/2021,56.84
240,Babette,Spencock,01/12/2022,15.34
241,Seana,Dunaway,08/29/2021,30.35
242,Alameda,Sam,07/12/2020,48.4
243,Ketty,Tregoning,08/02/2019,56.24
244,Fae,Reeds,01/26/2022,15.04
245,Cal,Bentsen,11/29/2022,45.7
246,Ambros,Towsie,11/09/2021,25.12
247,Tod,Lilleyman,10/07/2020,39.67
248,Tonye,Hunston,12/19/2019,40.11
249,Wolfie,Molen,08/14/2019,58.58
250,Zachary,Flott,03/09/2023,50.11
251,Viv,Gavahan,08/02/2019,39.19
252,Raphaela,Qusklay,01/07/2020,41.85
253,Arturo,Betteriss,09/15/2021,20.11
254,Lena,Robbeke,09/25/2022,39.36
255,Tabbie,Lemarie,11/03/2019,13.17
256,Caryl,Leile,04/29/2022,22.68
257,Yvette,Kellegher,01/20/2020,41.26
258,Rosamond,Gorwood,07/17/2022,47.17
259,Ula,Rubinow,05/12/2021,12.32
260,Trina,Mebius,08/18/2022,46.43
261,Deb,Budd,07/01/2021,12.81
262,Millicent,Di Francecshi,03/15/2020,58.54
263,Bebe,Ivett,04/02/2023,28.5
264,Nolie,Dinnies,08/12/2021,27.64
265,Clark,Kiddie,02/15/2021,46.65
266,Hannis,Gudgeon,07/02/2022,43.49
267,Marcie,Perello,04/05/2020,51.31
268,Zaria,Bunner,12/22/2020,34.81
269,Liza,Twigger,12/22/2020,55.16
270,Monika,Whibley,03/24/2022,48.06
271,Turner,Smurthwaite,12/07/2020,28.38
272,Chloris,Berggren,07/16/2022,31.12
273,Jazmin,Raggett,09/22/2019,35.75
274,Farlee,Berndsen,02/17/2021,12.29
275,Sidonia,Rigmond,08/09/2019,55.77
276,Fleurette,Dalgleish,03/31/2020,21.24
277,Dedra,Revelle,10/12/2022,37.42
278,Gardie,Orange,07/20/2022,27.94
279,Alys,Marran,02/13/2023,57.46
280,Merl,Costar,09/22/2019,35.37
281,Lillis,Norcliffe,01/09/2020,59.24
282,Doug,Bernuzzi,05/10/2022,16.21
283,Emera,King,11/08/2020,23.66
284,Roseline,Donoher,01/06/2022,25.53
285,Tiff,Giacomozzo,10/05/2022,49.51
286,Hamlen,Keyzman,03/25/2020,20.49
287,Jolynn,Kaszper,12/07/2020,43.15
288,Arni,Colvie,11/18/2020,55.48
289,Hughie,Galbreth,07/28/2021,34.91
290,Dede,Greenshiels,10/24/2022,41.81
291,Dynah,Licciardello,03/26/2022,57.53
292,Gav,Deshon,12/16/2020,48.44
293,Fleming,Elcox,01/16/2023,58.95
294,Dougie,Guisler,10/03/2021,42.03
295,Bernita,Seago,05/01/2022,38.19
296,Rowe,Lazer,06/13/2020,15.05
297,Marlon,McKibbin,12/02/2021,42.28
298,Curt,Scrowton,05/26/2022,47.58
299,Nicky,Creavan,09/12/2022,24.97
300,Brianne,Pinar,09/06/2022,56.16
301,Anatola,Liveley,02/01/2021,39.68
302,Ruthann,Ondrousek,12/21/2020,52.22
303,Fleurette,Eldrett,04/02/2021,15.99
304,Daisie,Gilyatt,09/14/2019,42.57
305,Gabrielle,Mawby,11/05/2022,47.12
306,Victor,Allmann,05/29/2021,34.93
307,Elsinore,Kurdani,01/02/2022,15.94
308,Row,Mouan,06/01/2022,16.06
309,Amy,Durham,10/24/2020,16.93
310,Raviv,Dodamead,12/15/2019,16.06
311,Delmor,Leneve,06/15/2023,54.5
312,Chicky,Le Claire,12/25/2019,59.89
313,Tally,Dassindale,06/01/2020,43.31
314,Linea,Tash,06/12/2020,25.59
315,Loralie,Hackworthy,11/30/2021,31.05
316,Neron,Kilgannon,05/14/2020,37.44
317,Del,Huws,05/22/2021,53.66
318,Karoly,Koeppke,11/08/2020,40.89
319,Kally,Greiswood,04/16/2022,25.28
320,Lemuel,Wellesley,05/13/2021,49.61
321,Dacey,Claybourn,05/22/2022,35.56
322,Elita,Camosso,12/23/2022,50.86
323,Cullie,Sidey,06/10/2023,15.78
324,Kippie,Gregolotti,02/11/2020,51.25
325,Corliss,Trees,10/17/2019,50.92
326,Avie,Peascod,06/24/2022,33.02
327,Karol,Balling,03/15/2021,59.26
328,Nelly,Michal,10/12/2021,40.9
329,Adi,Worral,08/11/2022,29.04
330,Giuditta,Simnell,06/14/2022,53.63
331,Clemens,Vasler,04/09/2022,24.53
332,Dillie,Gunda,04/03/2021,45.08
333,Sloane,Gleave,04/12/2022,13.04
334,Chuck,Iacopini,02/24/2023,12.33
335,Legra,Poetz,07/26/2019,40.42
336,Jodee,Huitt,08/16/2021,29.57
337,Celestine,Titchener,09/03/2021,56.3
338,Corilla,Townsley,05/17/2021,59.0
339,Kylie,Abramovici,08/11/2020,15.07
340,Kearney,Rangeley,02/16/2020,22.35
341,Flossie,Kennion,12/28/2021,17.79
342,Cecilius,Luker,09/10/2020,48.78
343,Miner,Meates,03/11/2022,20.85
344,Florence,St Leger,02/13/2023,25.67
345,Atalanta,Brockway,05/30/2023,48.9
346,Janaye,Dablin,12/15/2020,18.25
347,Thorny,Cabedo,07/07/2019,45.97
348,Iosep,Pendleberry,01/30/2022,52.39
349,Ros,Levens,03/18/2023,55.07
350,Tasia,Philipsohn,01/27/2021,19.26
351,Pietro,Wetter,01/07/2022,37.13
352,Livia,Wimms,07/21/2020,57.92
353,Hans,Witter,02/13/2022,48.68
354,Nina,Roderigo,03/04/2021,28.85
355,Sal,Sloam,06/17/2022,36.31
356,Anetta,Siely,02/28/2023,13.75
357,Hamish,D'Errico,12/29/2021,23.96
358,Weylin,Pengelley,03/31/2023,46.59
359,Cayla,Steele,06/17/2022,42.36
360,Demetria,Lissenden,08/01/2019,44.82
361,Jere,Pidgeley,10/16/2021,23.31
362,Aubrey,Veck,12/23/2020,47.0
363,Felita,Rafferty,01/09/2023,55.57
364,Tuckie,MacLure,12/14/2021,33.25
365,Edvard,Pavlovsky,02/15/2022,57.12
366,Brandon,Tripet,04/28/2020,14.34
367,Abbey,Gerriets,05/22/2020,57.57
368,Maura,Poizer,02/21/2023,46.15
369,Salli,Cutford,02/09/2020,18.04
370,Bobbe,Akred,02/28/2023,32.13
371,Irvin,Popelay,05/23/2021,49.08
372,Georgianna,Haizelden,05/13/2022,31.42
373,Agace,Lawler,04/28/2023,42.6
374,Tommi,Kopman,03/06/2020,26.44
375,Ollie,Coners,08/15/2019,41.31
376,Anatola,Gallear,12/15/2022,19.01
377,Keriann,Thunnercliff,12/04/2020,56.46
378,Olivero,Huddle,05/08/2020,12.01
379,Dulcinea,Spikings,03/30/2021,19.03
380,Hestia,Barringer,11/27/2020,32.65
381,Hazlett,Malkin,06/08/2020,54.33
382,Livia,Castagnet,05/03/2023,41.52
383,Emili,Devitt,11/07/2022,47.52
384,Jacky,Verchambre,04/13/2022,30.8
385,Gradey,Abells,12/17/2022,56.58
386,Roshelle,Hawkins,10/26/2020,38.61
387,Irving,Giottini,06/15/2022,27.13
388,Karna,Mallabone,05/20/2023,55.03
389,Ki,Evamy,02/24/2020,44.0
390,Karisa,Schwerin,05/28/2023,31.36
391,Bobby,Manwaring,06/26/2020,18.33
392,Zulema,Ryles,06/19/2021,20.26
393,Gian,Yeatman,07/15/2021,30.78
394,Hersh,Haxell,03/18/2023,40.08
395,Zechariah,Adam,03/16/2023,52.16
396,Luis,Jacobovitz,09/25/2020,36.49
397,Dorolice,Turmall,09/14/2020,52.9
398,Katharine,Huffy,02/24/2020,59.7
399,Farand,Houten,04/21/2023,15.41
400,Fredrika,Limpenny,12/30/2020,53.27
401,Bertie,Corbie,08/22/2022,37.54
402,Juli,Gartenfeld,01/30/2021,20.89
403,Babs,Rigmand,07/13/2022,43.87
404,Sadye,Tretwell,09/25/2021,53.48
405,Cornelius,Ridsdale,08/05/2020,57.58
406,Amalea,Henrichsen,01/01/2023,53.86
407,Courtnay,Arminger,09/03/2022,34.53
408,Aylmar,Ellice,09/20/2020,36.63
409,Harley,Dallman,08/20/2021,12.8
410,Deidre,D'Arrigo,01/09/2021,59.36
411,Barron,Griswaite,08/27/2021,39.51
412,Ellsworth,Costelloe,11/13/2019,31.46
413,Noel,Antoniat,08/08/2022,56.73
414,Adrian,Wenderott,05/25/2023,42.76
415,Janeczka,Cominoli,06/14/2023,32.2
416,Nolie,Vidloc,06/01/2022,50.41
417,Manolo,Lutz,01/01/2023,54.62
418,Pall,Sodor,04/08/2023,46.93
419,Reube,Wilhelmy,06/04/2021,17.65
420,Tulley,Witton,05/24/2020,16.1
421,Marius,Hartup,05/25/2022,14.79
422,Sylvan,Fee,09/03/2020,26.17
423,Sigismund,Fellona,12/12/2022,48.3
424,Sebastien,Oliva,08/07/2019,55.97
425,Yorgos,Borrington,01/01/2023,39.05
426,Man,Frift,03/23/2020,30.01
427,Lucian,Swinnard,04/05/2023,23.95
428,Debra,Lidden,12/08/2022,37.43
429,Nettie,Beevors,09/24/2020,46.62
430,Chas,Gosart,09/20/2019,21.63
431,Granny,Mullin,11/03/2020,56.0
432,Deidre,Stappard,07/17/2021,43.54
433,Eloise,Vanyard,09/17/2021,47.32
434,Crichton,Lindop,10/16/2021,25.09
435,Ermina,Leppard,09/25/2019,49.48
436,Michael,Aymes,11/18/2021,59.05
437,Christoffer,O'Sheeryne,12/14/2022,46.48
438,Garry,Sibbald,04/17/2023,12.33
439,Deloria,Salman,12/09/2022,47.19
440,Keelby,Foden,05/24/2021,55.68
441,Lexy,Mitkcov,11/07/2021,47.01
442,Grady,Shorthill,07/21/2020,14.35
443,Claudia,Whiteland,05/22/2023,44.05
444,Rand,Scruton,03/20/2020,41.88
445,Merry,Bris,10/14/2020,15.78
446,Renata,Elvins,08/23/2020,29.08
447,Guthrie,Coytes,09/19/2022,55.58
448,Benjie,MacLaverty,06/23/2020,33.25
449,Ronnie,Fitton,08/11/2020,29.81
450,Kort,Vautin,05/13/2020,48.76
451,Nelle,Bassil,09/26/2019,29.03
452,Debbie,Randerson,01/01/2021,18.2
453,Arvie,Rosoni,12/10/2022,14.04
454,Fleurette,Levine,09/09/2022,14.66
455,Gerry,Eglese,09/14/2021,56.68
456,Thoma,Chartman,07/03/2021,29.02
457,Dacy,Mellsop,08/28/2022,21.21
458,Kesley,Hesse,05/21/2020,29.2
459,Isabella,Manns,11/23/2021,30.72
460,Colly,Grahame,06/12/2020,34.61
461,Karel,Mowsley,03/28/2023,30.37
462,Howey,Birchwood,12/28/2019,14.12
463,Jobina,Topley,11/19/2022,45.78
464,Brook,Broader,01/24/2021,28.96
465,Janean,Cranny,02/11/2021,22.62
466,Jacintha,Iglesia,09/02/2021,38.79
467,Cos,Roussell,08/17/2019,27.96
468,Serene,Stollenbecker,10/22/2019,49.49
469,Osgood,Cragg,03/25/2023,20.54
470,Heywood,Jelley,04/27/2021,17.81
471,Duff,Loughlan,09/22/2020,57.51
472,Whitby,Henke,03/05/2023,57.68
473,Kurtis,Blandamore,07/18/2019,20.32
474,Vernon,McCloid,08/02/2019,48.54
475,Yardley,Slegg,07/15/2020,33.32
476,Godiva,Smithyman,11/12/2022,14.01
477,Aleta,Ruzic,05/04/2020,42.17
478,Tildy,Spering,03/21/2020,43.6
479,Ronnie,Hilbourne,12/18/2019,51.46
480,Bay,Sreenan,12/15/2019,58.37
481,Feliza,Baudone,05/12/2021,41.65
482,Allianora,Wankling,02/18/2021,30.01
483,Bennett,Whyard,05/28/2023,53.85
484,Bab,Ockenden,12/17/2020,38.17
485,Minerva,Jeandon,10/13/2020,36.92
486,Ermanno,Straneo,04/11/2023,44.58
487,Bette,Huleatt,04/27/2022,50.64
488,Rodge,Di Matteo,10/10/2020,23.94
489,Amelita,Winchurst,05/11/2023,18.66
490,Saunder,Merfin,05/09/2021,29.17
491,Lisa,Goundsy,03/19/2023,15.95
492,Crissy,Lovelace,11/29/2022,23.26
493,Jonah,Sogg,06/27/2023,53.97
494,Micheline,Stiegars,07/08/2021,16.12
495,Bessie,Biasioni,08/15/2022,43.0
496,Yurik,Shoobridge,09/07/2020,48.04
497,Betti,Riccioppo,06/16/2020,34.06
498,Jeremie,Jaycox,07/28/2020,39.51
499,Isiahi,Fairbanks,09/03/2020,54.47
500,Cristen,Scripture,02/07/2020,17.93
501,Pippy,Nesbeth,05/09/2021,16.09
502,Ilse,Ganders,09/19/2022,15.08
503,Roddy,Tabourier,07/25/2021,50.71
504,Cristin,Lackey,05/27/2021,44.17
505,Brianna,Prinne,07/15/2020,28.11
506,Aurthur,Purser,09/21/2020,22.1
507,Jule,Kildale,03/07/2023,22.94
508,Archibold,Begent,10/24/2021,17.24
509,Ricky,Flockhart,07/31/2021,47.16
510,Maribelle,Wrout,01/05/2020,42.19
511,Killy,Montfort,05/02/2020,22.16
512,Dagny,Segrave,08/15/2022,27.12
513,Reinaldo,Lornsen,07/01/2021,41.14
514,Hermy,Lidgertwood,10/02/2022,32.17
515,Theo,Heather,01/10/2020,56.02
516,Reamonn,Clopton,05/04/2022,43.06
517,Raine,Patty,01/10/2020,56.98
518,Katey,Werlock,07/01/2022,48.82
519,Joni,Dyment,11/04/2022,25.67
520,Robinett,Iacopo,08/12/2022,28.14
521,Anne,Harriagn,08/17/2021,35.89
522,Hirsch,Kowal,12/26/2020,56.41
523,Daria,Janatka,12/03/2020,20.6
524,Latrena,Gallant,12/20/2021,26.8
525,Vincent,Macellar,05/21/2021,14.59
526,Rozele,Feldbau,04/24/2020,23.6
527,Hazel,Heynen,08/19/2021,37.82
528,Aldon,Stealy,11/02/2020,47.81
529,Syd,Danielsky,03/10/2021,55.79
530,Lethia,Statefield,04/25/2020,30.44
531,Clayson,Daintith,01/19/2022,40.45
532,Sutherlan,Yakhin,10/10/2022,40.64
533,Terry,Sumpton,12/03/2022,29.1
534,Mellisent,Grabban,06/06/2021,23.19
535,Georg,Tivnan,01/27/2022,13.61
536,Georges,Rickerby,06/24/2020,42.61
537,Clarine,Yearns,09/19/2022,20.11
538,Clayton,Whithalgh,06/12/2022,55.47
539,Chelsie,Quernel,04/16/2020,41.45
540,Davidde,Gatheridge,09/23/2021,33.44
541,Sibeal,Uridge,04/15/2021,52.7
542,Hodge,Sisley,04/09/2020,16.77
543,Cori,Vyel,08/08/2022,58.79
544,Nathan,Osgorby,09/24/2022,15.01
545,Annamaria,Duprey,04/05/2021,51.7
546,Loralee,Kaemena,02/01/2023,50.22
547,Dyana,Heskey,05/10/2020,45.32
548,Josh,Davidowsky,06/22/2022,30.05
549,Wilow,Keohane,04/04/2021,33.25
550,Nessie,Whyler,10/12/2020,52.57
551,Coralyn,de Quesne,07/07/2019,15.72
552,Adda,Burchess,12/21/2022,23.93
553,Major,Comar,02/03/2020,59.76
554,Ulrick,Toderi,03/21/2020,45.8
555,Angy,Bissiker,12/10/2019,52.14
556,Dew,Waldron,06/29/2020,22.21
557,Tybi,Checkley,07/19/2019,48.63
558,Codi,Bolitho,10/26/2019,13.1
559,Kennett,Tothe,02/04/2020,55.45
560,Mireielle,Wallen,11/17/2020,51.05
561,Hestia,McQuilliam,01/03/2020,55.19
562,Nicolea,Gurg,11/10/2021,49.81
563,Auguste,Doodson,01/03/2022,21.25
564,Tiffy,Bowerman,12/14/2019,14.64
565,Temp,Sakins,03/30/2022,34.16
566,Maud,Moncaster,03/14/2023,18.11
567,Brook,Carletto,02/27/2023,39.11
568,Delilah,Lennarde,08/09/2022,12.16
569,Bianca,Maillard,04/13/2022,48.9
570,Clio,Heigho,05/07/2021,31.99
571,Adriaens,Rosendorf,11/11/2019,48.19
572,Saunder,Turnock,04/02/2023,34.53
573,Carolina,Barwick,01/07/2023,29.66
574,Abbye,Burnapp,11/07/2019,36.2
575,Reena,Gleave,06/01/2022,30.87
576,Orbadiah,Wasbey,04/03/2023,33.07
577,Darice,Cogdon,12/20/2022,23.6
578,Hyman,Foch,05/03/2020,18.06
579,Misti,Warden,04/18/2020,12.74
580,Jandy,Spillett,11/11/2019,17.18
581,Toma,Lavin,07/25/2022,44.93
582,Imelda,Quantrell,02/16/2023,51.4
583,Yasmin,Philler,08/21/2022,46.75
584,Lane,Field,06/28/2020,30.5
585,Fancy,Baudts,11/19/2021,27.49
586,Elvyn,Camelli,10/27/2021,34.61
587,Bonnie,Heiden,05/24/2023,55.18
588,Noll,McClymond,11/15/2021,46.39
589,Bess,Leinster,07/06/2019,54.51
590,Dede,Elecum,04/30/2021,24.47
591,Jilleen,Durman,09/26/2022,27.59
592,Dyann,Layman,08/17/2022,54.11
593,Franklin,Adlard,06/14/2020,42.64
594,Shaine,Band,03/30/2020,50.62
595,Grace,Devlin,03/01/2023,37.43
596,Paulo,Espinazo,05/08/2023,15.93
597,Hannah,Speedy,09/18/2022,23.42
598,Rivkah,Ion,01/21/2021,26.83
599,Amabelle,Drinnan,05/26/2021,16.8
600,Roley,Rosenbarg,06/11/2020,15.64
601,Noreen,Hayward,11/09/2020,14.21
602,Kelvin,Yansons,01/14/2020,45.43
603,Gare,Clemmen,06/23/2023,34.3
604,Link,Michel,06/27/2023,48.79
605,Tiffany,Lipprose,02/18/2021,19.63
606,Avictor,Osselton,06/02/2021,53.43
607,Roch,Simms,10/08/2020,41.08
608,Drona,Rizzardi,02/01/2022,50.15
609,Lauretta,Steadman,06/24/2021,40.68
610,Marena,Peachment,02/25/2021,43.89
611,Zolly,Winthrop,06/04/2020,43.11
612,Gran,Raiker,09/17/2020,52.87
613,Itch,Laux,05/26/2020,39.79
614,Leese,McGarahan,08/11/2021,58.31
615,Sandra,Mertin,04/17/2020,12.63
616,Spike,Leaver,04/20/2023,57.15
617,Brock,Grose,11/27/2020,19.91
618,Madeleine,Loach,11/25/2019,32.5
619,Vivie,Kirkbright,08/12/2019,49.83
620,Kristy,Finker,07/06/2019,53.18
621,Nils,Gullick,02/16/2020,39.22
622,Rhonda,Yvon,02/03/2020,36.56
623,Maxi,Birdsey,02/27/2022,49.86
624,Salem,Kemmey,03/29/2022,36.92
625,Wylma,McNutt,12/17/2022,27.72
626,Son,Grzelczyk,11/14/2022,43.81
627,Gennie,Bredee,11/20/2019,55.33
628,Germain,Lintott,01/06/2021,16.16
629,Christy,Mertgen,05/29/2021,49.84
630,Andy,Spritt,10/09/2022,13.8
631,Viva,Dorkin,10/26/2022,16.16
632,Alvera,Bradwell,11/24/2020,16.46
633,Bevin,Cantopher,05/20/2021,32.14
634,Kelley,Lorenzetti,02/22/2020,18.61
635,Kristos,Sivills,06/24/2020,36.73
636,Adamo,Latham,11/25/2022,36.56
637,Dermot,Collens,05/26/2021,25.63
638,Jorrie,De Ferrari,05/05/2022,59.82
639,Danyelle,Peschmann,06/25/2023,44.51
640,Cissiee,Semper,10/24/2022,52.22
641,Caria,Drewitt,01/17/2022,57.23
642,Jackie,Norcross,01/08/2023,45.25
643,Jeannie,Manicomb,10/20/2021,43.58
644,Abigael,Pim,02/11/2020,18.28
645,Doreen,Stiffkins,09/26/2020,19.79
646,Daven,Browncey,11/02/2019,36.9
647,Anny,Hatliff,08/08/2020,44.13
648,Leeanne,Farries,07/27/2019,51.74
649,Winston,Hesbrook,05/23/2022,48.88
650,Marsh,Harmon,12/11/2019,24.76
651,Shirleen,Runham,08/25/2019,32.47
652,Dorrie,Crusham,10/28/2019,18.79
653,Rozella,Lubbock,01/12/2021,48.33
654,Aurelea,Spillard,07/08/2021,47.41
655,Jeramie,Kocher,04/23/2023,31.06
656,Desmond,Hazley,06/08/2022,15.08
657,Faustine,Luckey,12/06/2020,18.41
658,Zachery,Lyddiatt,01/24/2021,14.35
659,Bertie,Perkis,07/26/2021,29.09
660,Karee,Koch,12/29/2019,26.3
661,Julian,Coenraets,11/09/2022,46.4
662,Ardelia,De Biasio,04/30/2020,39.85
663,Hurleigh,Mulhall,07/06/2021,48.69
664,Konstantin,Hurlston,02/17/2022,31.88
665,Kristofer,Maker,09/09/2019,37.75
666,Clarisse,Peabody,02/28/2023,49.39
667,Pauli,Ramel,03/06/2020,12.72
668,Berri,Kuhndel,07/08/2021,48.85
669,Catha,Yakobovicz,01/09/2023,43.58
670,Bryn,Grattan,01/16/2021,44.79
671,Shurwood,Millier,05/27/2020,42.63
672,Sunny,Stickels,12/09/2022,23.41
673,Darbee,Smallshaw,05/20/2022,55.55
674,Terrie,Mateo,04/13/2023,59.52
675,Flemming,Simo,05/28/2021,59.43
676,Waite,Stennings,12/13/2022,29.54
677,Jermain,Budgeon,10/15/2019,12.29
678,Goldy,Edgecombe,03/01/2022,21.88
679,Ophelia,Bulbeck,07/26/2022,59.47
680,Gunner,Dupoy,09/13/2020,52.56
681,Edin,Fippe,02/27/2023,29.78
682,Maude,Redwall,07/12/2021,22.62
683,Darcie,Silkstone,09/12/2022,47.56
684,Farrel,Bavin,12/19/2020,27.46
685,Holden,Dellenbach,11/02/2021,18.96
686,Lyell,Lambell,04/06/2020,55.82
687,Rosalie,Downham,01/23/2022,18.09
688,Daune,Gallatly,01/16/2023,26.89
689,Marianne,Caldwall,12/22/2022,13.55
690,Garvy,Waything,03/18/2020,52.95
691,Hamilton,Camili,04/11/2022,29.2
692,Carney,Vannoni,05/04/2021,22.33
693,Adolphus,Rossey,10/28/2020,27.67
694,Garner,Joss,04/29/2022,21.12
695,Trudy,Batchellor,12/29/2021,15.69
696,Ashli,Coulthard,05/31/2023,54.61
697,Patricio,Lachaize,11/11/2022,49.2
698,Sisile,Hugk,11/04/2022,37.68
699,Loreen,Bottby,12/21/2021,51.4
700,Evyn,Jaulmes,12/07/2019,20.37
701,Abelard,Wooddisse,06/09/2021,12.68
702,Martin,Haworth,06/08/2021,44.97
703,Brien,Simonetti,08/30/2019,43.96
704,Ansley,Ruffles,01/10/2022,50.52
705,Jerrilyn,Hartropp,03/10/2022,40.6
706,Farrah,Castellucci,04/09/2023,39.3
707,Reidar,Yaknov,01/31/2021,43.59
708,Flora,Mustarde,11/19/2019,29.34
709,Debby,Inglish,11/01/2022,14.03
710,Josh,Barrar,01/25/2022,58.89
711,Emmi,Goshawk,01/30/2021,49.76
712,Vale,Paynter,11/02/2022,30.69
713,Johannes,Bragger,12/14/2019,38.49
714,Pavia,Harpham,10/13/2020,45.19
715,Cale,Shuttlewood,12/26/2020,35.97
716,Muire,Hunnybun,02/08/2022,20.62
717,Gisella,Beardwell,12/11/2019,32.22
718,Eugine,Lanchberry,11/25/2021,47.05
719,Johnath,Cuttler,01/17/2023,26.01
720,Pollyanna,Zum Felde,03/22/2021,50.29
721,Fields,Pullin,07/19/2020,39.84
722,Viola,Reame,04/19/2020,34.86
723,Daile,Kirsz,08/04/2021,13.1
724,Homer,Cabbell,10/15/2022,52.35
725,Agnella,Element,06/23/2023,16.04
726,Templeton,Whate,02/28/2021,42.74
727,Katherina,Singyard,12/13/2021,37.61
728,Chester,Cadwaladr,05/11/2022,47.2
729,Alessandro,Perrin,10/06/2020,47.15
730,Nikolai,Viste,09/13/2022,20.13
731,Christoph,O' Driscoll,12/27/2019,19.44
732,Lauree,Sutcliffe,01/12/2020,53.34
733,Emelita,Roan,05/11/2020,48.5
734,Elenore,Casiroli,11/23/2021,32.72
735,Boy,Scothern,12/01/2019,48.37
736,Sharai,Jansie,09/12/2021,21.83
737,Kayne,Sidgwick,11/21/2019,30.16
738,Angeline,Son,02/11/2021,38.34
739,Marcos,Childes,11/15/2019,49.27
740,Gasparo,Prout,04/26/2021,35.11
741,Guthrie,Maltster,06/26/2020,48.86
742,Hoyt,Ellery,02/19/2021,30.66
743,Ondrea,De Micoli,03/20/2020,14.5
744,Brenda,Forgan,09/26/2021,17.67
745,Fernande,Leatherbarrow,03/31/2020,50.3
746,Wilone,Bedle,03/12/2022,35.29
747,Rollins,Lovick,01/27/2022,25.38
748,Libbie,Moulson,07/22/2022,51.56
749,Amara,Ong,09/12/2021,30.22
750,Zachariah,Villa,10/15/2022,46.36
751,Doug,Plowell,05/20/2021,46.06
752,Phelia,Daverin,01/14/2023,32.78
753,Arron,Dampier,07/10/2020,59.0
754,Kailey,Jurgen,01/16/2023,57.89
755,Arty,Matten,06/27/2022,58.46
756,Wright,Estrella,06/27/2021,26.62
757,Pietro,Quimby,04/18/2021,33.78
758,Violet,Savery,03/08/2023,43.41
759,Barbie,Sterman,10/07/2020,30.0
760,Aldwin,Gianotti,10/05/2019,18.03
761,Nicoli,Penvarne,06/15/2022,39.67
762,Lura,Slimming,08/27/2020,55.76
763,Marilyn,Schleswig-Holstein,04/14/2023,58.08
764,Egor,Ounsworth,02/13/2021,21.5
765,Debor,Bauer,03/19/2020,43.78
766,Vern,Tofanelli,08/26/2022,54.26
767,Matthias,Beckford,10/15/2019,59.09
768,Ann-marie,McPhate,12/21/2022,58.21
769,Ray,Jedrzejkiewicz,08/02/2020,56.59
770,Annora,Fettis,04/04/2021,14.0
771,Teddi,Bysh,02/06/2023,23.39
772,Uriel,Meadley,04/08/2020,40.09
773,Deny,Burburough,05/07/2023,23.22
774,Sarena,Whatford,06/17/2021,34.61
775,Dana,Snoxall,10/11/2021,33.76
776,Yelena,Carse,03/08/2021,40.54
777,Analise,Gruby,07/30/2019,40.61
778,Gwyn,Ayer,01/16/2022,42.56
779,Hazel,Lensch,12/26/2021,44.17
780,Charil,Morison,07/08/2019,28.02
781,Errol,Croxall,04/22/2021,36.73
782,Eulalie,Scallon,12/01/2019,54.58
783,Earlie,Zecchi,09/05/2019,28.99
784,Tonie,Whelan,05/14/2023,56.92
785,Lenette,Standage,12/05/2021,28.9
786,Livvyy,Northill,01/05/2023,35.54
787,Cybill,Rumsey,09/24/2020,26.55
788,Lura,Bladder,09/16/2020,40.58
789,Brose,Hacquoil,12/20/2021,27.85
790,Gabi,Moulsdall,10/09/2019,56.34
791,Fernando,Sharma,06/16/2023,57.07
792,Ashley,Rodie,02/11/2020,43.2
793,Isidor,Jedrzejewski,06/13/2021,29.94
794,Ardeen,Argrave,09/12/2019,26.81
795,Cornelia,Speare,06/27/2022,21.52
796,Ainsley,Burless,01/02/2020,32.71
797,Liz,Stolze,12/15/2019,20.83
798,Wallace,Diglin,11/07/2022,56.86
799,Denver,Lilbourne,01/04/2022,47.99
800,Eugene,Pitman,09/11/2020,29.32
801,Allys,Quartermaine,03/07/2023,19.07
802,Siobhan,Ritter,01/30/2020,18.95
803,Serena,Poor,05/23/2020,22.1
804,Gilberta,Dautry,08/22/2022,13.97
805,Kellina,Davidek,12/02/2021,27.42
806,Keri,Heinritz,01/13/2020,21.28
807,Clari,Charlick,11/17/2019,30.17
808,Stesha,Fair,09/30/2021,40.49
809,Estella,Escalera,05/04/2021,52.83
810,Timotheus,Kennelly,05/14/2021,51.87
811,Terrel,Joplin,10/31/2021,19.0
812,Seymour,MacDonough,11/13/2022,18.22
813,Cherri,Pottery,06/02/2020,24.77
814,Hilliard,Reany,07/10/2020,21.84
815,Daune,Pimm,10/09/2022,39.2
816,Niels,Ashelford,04/25/2020,19.15
817,Karlik,Bonett,03/23/2022,48.41
818,Hayyim,Sonley,03/15/2020,30.18
819,Eugenius,Clougher,09/19/2021,58.04
820,Sergei,Rossant,07/19/2021,37.29
821,Clovis,Cutler,03/03/2020,19.63
822,Dulcinea,Boorne,11/12/2021,17.99
823,Dido,Alker,02/01/2020,24.68
824,Cami,Raitt,02/20/2021,17.24
825,Teressa,Dedon,01/30/2020,30.59
826,Lorenza,Walstow,11/19/2019,38.31
827,Miran,Faudrie,05/24/2023,40.48
828,Meryl,McDonell,01/01/2022,56.79
829,Marti,Kalb,04/11/2020,56.46
830,Marietta,Oglethorpe,12/04/2022,48.51
831,Celene,Woolhouse,06/25/2023,58.48
832,Devin,McGougan,07/29/2022,54.85
833,Carlota,Bending,10/18/2020,45.58
834,Ellwood,Domokos,02/20/2023,43.9
835,Jarred,Stangroom,03/18/2022,52.48
836,Isabelita,Lavelle,03/20/2021,53.39
837,Ramsey,Jeppe,06/29/2022,57.17
838,Gabi,Randall,03/08/2020,40.35
839,Carolus,Mansel,03/29/2021,24.51
840,Clemente,Frowen,12/11/2020,50.95
841,Annadiane,Songust,09/20/2022,47.83
842,Raeann,Gentry,07/01/2021,49.19
843,Egor,Morais,10/20/2020,49.03
844,Sinclair,Entreis,08/04/2022,42.01
845,Marybeth,Castiglio,03/02/2020,30.56
846,Clarice,Aickin,09/15/2022,59.99
847,Lynette,Jurries,08/04/2021,59.65
848,Tomlin,Kennady,06/28/2023,48.98
849,Valentina,Kringe,05/20/2022,42.37
850,Adoree,Simco,03/24/2022,26.92
851,Erasmus,Bilby,08/02/2021,52.71
852,Sanford,Duffill,12/06/2020,39.39
853,Ondrea,Neary,10/31/2020,38.04
854,Alfreda,De Rye Barrett,06/18/2020,32.26
855,Tabitha,Popplewell,03/14/2020,41.46
856,Karilynn,Trillo,02/23/2020,42.29
857,Kassey,Burchess,04/14/2020,23.23
858,Fancie,Geharke,02/05/2021,18.72
859,Paulo,Bettesworth,01/22/2020,47.7
860,Brooke,Sleeny,07/28/2019,51.03
861,Beniamino,Hendrikse,02/27/2023,56.65
862,Lindie,Brito,08/04/2020,24.95
863,Silvester,Brecken,09/10/2022,13.03
864,Leila,Cearley,04/18/2022,55.96
865,Morton,Quiddihy,02/17/2021,46.03
866,Geordie,Shawyers,04/13/2021,17.4
867,Buddy,Skyrm,04/15/2023,24.69
868,Dorree,Radleigh,11/17/2022,50.51
869,Verge,O'Gavin,05/09/2020,47.14
870,Christophorus,Dimbylow,07/15/2019,40.18
871,Ketti,Plampeyn,03/26/2021,16.37
872,Hal,Criag,10/24/2021,39.84
873,Gun,Keenan,03/25/2023,27.5
874,Wadsworth,Maving,11/15/2021,20.53
875,Tobe,Huntress,09/27/2021,40.47
876,Kate,Wafer,06/02/2020,32.18
877,Gregoire,Yoseloff,07/03/2020,57.26
878,Miranda,Dicky,01/01/2023,53.98
879,Cindelyn,Huzzey,12/06/2022,16.54
880,Gareth,Burgett,04/06/2023,34.19
881,Sauncho,Scud,12/20/2019,17.7
882,Kenton,Blaver,04/23/2020,13.64
883,Morten,Porch,08/12/2019,39.3
884,Gregory,Rait,09/26/2019,58.44
885,Abe,Bassam,11/18/2021,17.21
886,Bettine,Poyntz,03/06/2023,53.72
887,Laurie,Bangley,08/01/2020,48.31
888,Bridget,Castelli,02/02/2020,37.18
889,Madelyn,Wieprecht,09/20/2022,26.67
890,Vale,Aires,12/17/2021,32.75
891,Elysia,Rostern,05/13/2021,56.46
892,Delila,O' Faherty,01/08/2023,26.5
893,Rhodie,Coppock.,05/19/2021,37.27
894,Gregorius,Aumerle,08/03/2020,24.91
895,Mira,Puden,07/23/2020,55.87
896,Toiboid,Adamec,03/01/2023,21.97
897,Evangeline,Griniov,10/03/2019,19.69
898,Paton,Howse,10/17/2022,25.87
899,Bidget,Hartell,05/26/2023,23.68
900,Kory,Whymark,03/02/2023,52.09
901,Hank,Bolzen,02/12/2022,54.8
902,Son,Medlen,02/28/2021,12.75
903,Dieter,Sheward,07/01/2022,50.61
904,Carmelia,McDuffy,11/24/2020,57.84
905,Paula,Stansall,01/09/2023,14.59
906,Deanne,Triggol,12/27/2022,19.58
907,Terrel,Fansy,05/03/2023,35.73
908,Tabina,Lubman,09/27/2020,13.36
909,Orlan,Ciementini,12/09/2021,21.86
910,Vida,Herculeson,03/09/2023,26.6
911,Tonie,Wharf,09/21/2022,24.35
912,Currey,Cockshutt,12/27/2019,24.88
913,Ally,Strut,12/22/2021,19.71
914,Kary,Pernell,12/19/2021,50.73
915,Kermit,Halpen,08/23/2022,58.0
916,Shaw,Winnister,01/07/2020,56.31
917,Osmund,Cothey,07/31/2022,43.65
918,Sarina,Mechell,10/04/2019,42.49
919,Wilow,Emons,04/27/2021,50.45
920,Joice,Bowell,01/22/2023,43.39
921,Kaylee,Spadoni,10/09/2020,55.23
922,Tirrell,Twydell,09/17/2022,59.71
923,Elita,Rillatt,04/02/2021,52.75
924,Janith,Clitsome,01/22/2022,49.77
925,Zacherie,McNeilley,01/31/2020,23.91
926,Warde,Machan,12/12/2021,54.52
927,Karly,Mariet,08/27/2019,30.9
928,Caesar,Schoffel,12/12/2019,50.42
929,Dwayne,Scoggan,05/22/2022,40.33
930,Georgy,Tubb,07/31/2019,44.81
931,Ricki,Artharg,09/02/2020,17.44
932,Elene,Bertelmot,04/18/2021,47.82
933,Reiko,Hartfleet,06/06/2021,56.53
934,Wenda,Shepley,11/04/2019,52.82
935,Maurine,Mosby,04/29/2021,15.99
936,Fleurette,Seldner,12/06/2019,15.3
937,Lesley,Eustanch,05/31/2020,13.62
938,Kliment,Wisham,03/18/2023,54.34
939,Anneliese,Winmill,11/10/2019,44.25
940,Godwin,Gaukrodge,08/08/2022,29.76
941,Waldon,Vokes,08/05/2022,26.41
942,Marketa,Malek,10/23/2021,40.94
943,Carey,Beard,04/02/2021,15.17
944,Romeo,Sorro,01/31/2021,12.97
945,Clarie,Kloser,08/15/2020,19.91
946,Thekla,Akker,01/14/2023,44.87
947,Gleda,Tolley,08/02/2020,15.22
948,Meagan,Bikker,04/29/2023,45.59
949,Clem,Banbury,06/25/2020,19.19
950,Bartlett,Verey,01/23/2021,54.73
951,Blakelee,Schwandner,06/04/2022,21.8
952,Bride,Wrassell,11/02/2020,51.39
953,Analise,Hotson,01/30/2023,56.77
954,Maryjane,Grima,03/27/2023,36.16
955,Bernardina,Bennit,12/06/2019,43.23
956,Gusti,Peyzer,12/17/2019,19.81
957,Ola,Newbegin,03/20/2021,53.34
958,Ally,Tynemouth,08/23/2021,22.96
959,Jecho,Dachey,12/17/2019,22.39
960,Annabel,Critcher,10/24/2022,45.88
961,Madel,Headly,04/23/2021,34.65
962,Louis,Gritsaev,12/05/2022,32.25
963,Kelcy,McWaters,03/04/2023,16.35
964,Taylor,Mariyushkin,02/03/2022,40.31
965,Lurlene,Davson,04/26/2023,43.68
966,Bonny,Perham,04/04/2022,14.4
967,Steffie,Moncur,03/21/2023,12.17
968,Dennison,Bleddon,07/29/2022,47.23
969,Madelin,Iacovaccio,12/15/2020,49.45
970,Hubie,Wake,05/31/2021,13.08
971,Torre,Gerber,06/06/2020,50.67
972,Prentiss,Goadby,05/28/2023,28.82
973,Foss,Nutkin,12/17/2021,55.83
974,Shelden,Whinney,10/30/2019,41.49
975,Florentia,Toppas,02/20/2022,49.76
976,Louisa,MacRorie,08/14/2020,47.1
977,Marmaduke,Giraudoux,03/05/2022,46.57
978,Ruthie,Quant,10/27/2022,38.3
979,Elwin,Dimitrov,10/11/2022,31.23
980,Minetta,Corey,11/12/2022,47.86
981,Christyna,Cairney,07/13/2020,25.3
982,Tremayne,Zavattero,07/15/2022,30.64
983,Keene,McKinney,05/26/2021,36.0
984,Ruthe,Durant,08/24/2019,34.51
985,Vanna,Thurgood,02/18/2021,33.2
986,Ferguson,Faussett,06/25/2023,31.8
987,Ginger,Devote,12/03/2020,30.69
988,Christoph,Harrower,03/27/2023,33.36
989,Stacy,Doley,11/09/2021,24.03
990,Ronny,Spreag,08/01/2022,52.05
991,Tami,Rottger,03/20/2022,34.25
992,Tillie,Timothy,04/16/2022,36.92
993,Augustina,Karlowicz,08/26/2019,56.91
994,Cully,Blacksell,10/24/2020,37.98
995,Miriam,Meir,08/28/2021,37.7
996,Karry,Summergill,02/02/2020,41.17
997,Ashlen,Gawkes,05/11/2023,49.92
998,Any,Losty,11/22/2020,48.02
999,Amelia,Coie,07/11/2021,24.85
1000,Colette,O'Neil,12/18/2022,57.07
